raw.ticks.custom,poly.ticks.custom
100,-0.07738713974604033
600,-0.039006189741241044
1100,-6.252397364417545e-4
1600,0.03775571026835753
2100,0.07613666027315681
